method,bar_number,bar_number_global,ref_ms,ref_phase,grid_phase
per_snippet,0,0,0.0,0.0,0.0
drum(L=1),0,0,0.0,0.0,0.0
drum(L=1),1,1,58.04978684807249,0.5287355835686669,0.5
drum(L=1),2,2,46.43984353741448,0.7727272406459837,0.7500000000000001
drum(L=1),3,3,46.43984580498817,0.02272724175571373,0.0
drum(L=1),4,4,58.04985941043306,0.5287356194882092,0.5
drum(L=1),5,5,46.439913832200475,0.522727275047618,0.5
drum(L=1),6,6,46.43991836734784,0.02298851085637196,0.0
drum(L=1),7,7,46.43997732426364,0.5227273061200607,0.49999999999999956
drum(L=1),8,8,46.43998185940745,0.022988542285968624,0.0
drum(L=1),9,9,46.44003854875223,0.2727273360827737,0.25
drum(L=1),10,10,46.440049886623314,0.5227273416314248,0.4999999999999991
drum(L=1),11,11,46.440054421768906,0.022988578205511354,0.0
drum(L=1),12,12,46.44011111111013,0.2727273715941378,0.25000000000000044
drum(L=1),13,13,46.440122448981214,0.5227273771427884,0.4999999999999991
drum(L=1),14,14,46.440126984126806,0.022988614125052365,0.0
mel(L=4),2,2,58.04979138322075,0.028489982033932285,0.0
mel(L=4),5,5,58.04986394557865,0.02857141785714289,0.0
mel(L=4),8,8,46.43998185940745,0.022857178928570525,0.0
mel(L=4),14,14,58.050126984127814,0.028490146741911172,0.0
pitch(L=4),2,2,58.04979138322075,0.028489982033932285,0.0
pitch(L=4),5,5,58.04986394557865,0.02857141785714289,0.0
pitch(L=4),8,8,46.43998185940745,0.022857178928570525,0.0
pitch(L=4),14,14,58.050126984127814,0.028490146741911172,0.0
