{
  "uncorrected_ms": 78.88877480022344,
  "per_snippet_ms": 78.88877480022344,
  "drum_ms": 13.335692511744808,
  "mel_ms": 13.335692511744808,
  "pitch_ms": 12.93673793890435,
  "uncorrected_phase": 0.024511914874138625,
  "per_snippet_phase": 0.024511914874138625,
  "drum_phase": 0.004146716975608191,
  "mel_phase": 0.004146716975608191,
  "pitch_phase": 0.004015414805579813,
  "pattern_lengths": {
    "drum": 2,
    "mel": 2,
    "pitch": 8
  }
}