{
  "uncorrected_ms": 53.94834729677942,
  "per_snippet_ms": 53.94834729677942,
  "drum_ms": 26.86917846661254,
  "mel_ms": 20.610893025684554,
  "pitch_ms": 20.610893025684554,
  "uncorrected_phase": 0.026546734306372527,
  "per_snippet_phase": 0.026546734306372527,
  "drum_phase": 0.013192537269519827,
  "mel_phase": 0.01013239283105736,
  "pitch_phase": 0.01013239283105736,
  "pattern_lengths": {
    "drum": 1,
    "mel": 4,
    "pitch": 4
  }
}